Denver Broncos,Baltimore Ravens
Seattle Seahawks,Carolina Panthers
St. Louis Rams,Arizona Cardinals
San Francisco 49ers,Green Bay Packers
Detroit Lions,Minnesota Vikings
New Orleans Saints,Atlanta Falcons
Tennessee Titans,Pittsburgh Steelers
Chicago Bears,Cincinnati Bengals
Indianapolis Colts,Oakland Raiders
Dallas Cowboys,New York Giants
Kansas City Chiefs,Jacksonville Jaguars
Miami Dolphins,Cleveland Browns
New York Jets,Tampa Bay Buccaneers
New England Patriots,Buffalo Bills
Philadelphia Eagles,Washington Redskins
Houston Texans,San Diego Chargers
New England Patriots,New York Jets
New Orleans Saints,Tampa Bay Buccaneers
Chicago Bears,Minnesota Vikings
Kansas City Chiefs,Dallas Cowboys
Arizona Cardinals,Detroit Lions
Baltimore Ravens,Cleveland Browns
Atlanta Falcons,St. Louis Rams
Houston Texans,Tennessee Titans
Green Bay Packers,Washington Redskins
Miami Dolphins,Indianapolis Colts
Buffalo Bills,Carolina Panthers
San Diego Chargers,Philadelphia Eagles
Seattle Seahawks,San Francisco 49ers
Oakland Raiders,Jacksonville Jaguars
Denver Broncos,New York Giants
Cincinnati Bengals,Pittsburgh Steelers
Kansas City Chiefs,Philadelphia Eagles
New England Patriots,Tampa Bay Buccaneers
New Orleans Saints,Arizona Cardinals
Detroit Lions,Washington Redskins
Carolina Panthers,New York Giants
Miami Dolphins,Atlanta Falcons
Tennessee Titans,San Diego Chargers
New York Jets,Buffalo Bills
Cincinnati Bengals,Green Bay Packers
Dallas Cowboys,St. Louis Rams
Baltimore Ravens,Houston Texans
Cleveland Browns,Minnesota Vikings
Seattle Seahawks,Jacksonville Jaguars
Chicago Bears,Pittsburgh Steelers
Indianapolis Colts,San Francisco 49ers
Denver Broncos,Oakland Raiders
San Francisco 49ers,St. Louis Rams
Buffalo Bills,Baltimore Ravens
Cleveland Browns,Cincinnati Bengals
Tennessee Titans,New York Jets
San Diego Chargers,Dallas Cowboys
Kansas City Chiefs,New York Giants
Seattle Seahawks,Houston Texans
Arizona Cardinals,Tampa Bay Buccaneers
Minnesota Vikings,Pittsburgh Steelers
Washington Redskins,Oakland Raiders
New England Patriots,Atlanta Falcons
Denver Broncos,Philadelphia Eagles
Indianapolis Colts,Jacksonville Jaguars
Detroit Lions,Chicago Bears
New Orleans Saints,Miami Dolphins
Cleveland Browns,Buffalo Bills
Arizona Cardinals,Carolina Panthers
Green Bay Packers,Detroit Lions
Philadelphia Eagles,New York Giants
Denver Broncos,Dallas Cowboys
Cincinnati Bengals,New England Patriots
New Orleans Saints,Chicago Bears
Oakland Raiders,San Diego Chargers
St. Louis Rams,Jacksonville Jaguars
Indianapolis Colts,Seattle Seahawks
Baltimore Ravens,Miami Dolphins
Kansas City Chiefs,Tennessee Titans
San Francisco 49ers,Houston Texans
New York Jets,Atlanta Falcons
Chicago Bears,New York Giants
Carolina Panthers,Minnesota Vikings
Green Bay Packers,Baltimore Ravens
St. Louis Rams,Houston Texans
Detroit Lions,Cleveland Browns
Denver Broncos,Jacksonville Jaguars
Kansas City Chiefs,Oakland Raiders
Seattle Seahawks,Tennessee Titans
Cincinnati Bengals,Buffalo Bills
Dallas Cowboys,Washington Redskins
Philadelphia Eagles,Tampa Bay Buccaneers
Pittsburgh Steelers,New York Jets
New England Patriots,New Orleans Saints
San Francisco 49ers,Arizona Cardinals
San Diego Chargers,Indianapolis Colts
Seattle Seahawks,Arizona Cardinals
Pittsburgh Steelers,Baltimore Ravens
Atlanta Falcons,Tampa Bay Buccaneers
Carolina Panthers,St. Louis Rams
Green Bay Packers,Cleveland Browns
Dallas Cowboys,Philadelphia Eagles
Cincinnati Bengals,Detroit Lions
San Diego Chargers,Jacksonville Jaguars
Indianapolis Colts,Denver Broncos
Washington Redskins,Chicago Bears
Kansas City Chiefs,Houston Texans
New York Jets,New England Patriots
Buffalo Bills,Miami Dolphins
San Francisco 49ers,Tennessee Titans
New York Giants,Minnesota Vikings
Carolina Panthers,Tampa Bay Buccaneers
Green Bay Packers,Minnesota Vikings
Arizona Cardinals,Atlanta Falcons
New England Patriots,Miami Dolphins
Oakland Raiders,Pittsburgh Steelers
San Francisco 49ers,Jacksonville Jaguars
Denver Broncos,Washington Redskins
New Orleans Saints,Buffalo Bills
New York Giants,Philadelphia Eagles
Detroit Lions,Dallas Cowboys
Cincinnati Bengals,New York Jets
Kansas City Chiefs,Cleveland Browns
Seattle Seahawks,St. Louis Rams
Miami Dolphins,Cincinnati Bengals
Indianapolis Colts,Houston Texans
Carolina Panthers,Atlanta Falcons
Tennessee Titans,St. Louis Rams
New York Jets,New Orleans Saints
Washington Redskins,San Diego Chargers
Dallas Cowboys,Minnesota Vikings
Cleveland Browns,Baltimore Ravens
Philadelphia Eagles,Oakland Raiders
Kansas City Chiefs,Buffalo Bills
New England Patriots,Pittsburgh Steelers
Seattle Seahawks,Tampa Bay Buccaneers
Chicago Bears,Green Bay Packers
Minnesota Vikings,Washington Redskins
Carolina Panthers,San Francisco 49ers
Jacksonville Jaguars,Tennessee Titans
Arizona Cardinals,Houston Texans
Denver Broncos,San Diego Chargers
Philadelphia Eagles,Green Bay Packers
Detroit Lions,Chicago Bears
New York Giants,Oakland Raiders
St. Louis Rams,Indianapolis Colts
Seattle Seahawks,Atlanta Falcons
New Orleans Saints,Dallas Cowboys
Pittsburgh Steelers,Buffalo Bills
Baltimore Ravens,Cincinnati Bengals
Tampa Bay Buccaneers,Miami Dolphins
Indianapolis Colts,Tennessee Titans
New York Giants,Green Bay Packers
Tampa Bay Buccaneers,Atlanta Falcons
New Orleans Saints,San Francisco 49ers
Pittsburgh Steelers,Detroit Lions
Chicago Bears,Baltimore Ravens
Oakland Raiders,Houston Texans
Miami Dolphins,San Diego Chargers
Denver Broncos,Kansas City Chiefs
Arizona Cardinals,Jacksonville Jaguars
Seattle Seahawks,Minnesota Vikings
Cincinnati Bengals,Cleveland Browns
Buffalo Bills,New York Jets
Philadelphia Eagles,Washington Redskins
Carolina Panthers,New England Patriots
New Orleans Saints,Atlanta Falcons
Carolina Panthers,Miami Dolphins
St. Louis Rams,Chicago Bears
Arizona Cardinals,Indianapolis Colts
Minnesota Vikings,Green Bay Packers
Jacksonville Jaguars,Houston Texans
San Diego Chargers,Kansas City Chiefs
Baltimore Ravens,New York Jets
Pittsburgh Steelers,Cleveland Browns
Tampa Bay Buccaneers,Detroit Lions
Tennessee Titans,Oakland Raiders
Dallas Cowboys,New York Giants
New England Patriots,Denver Broncos
San Francisco 49ers,Washington Redskins
Baltimore Ravens,Pittsburgh Steelers
Dallas Cowboys,Oakland Raiders
Detroit Lions,Green Bay Packers
Indianapolis Colts,Tennessee Titans
Denver Broncos,Kansas City Chiefs
Miami Dolphins,New York Jets
New York Giants,Washington Redskins
Jacksonville Jaguars,Cleveland Browns
San Francisco 49ers,St. Louis Rams
New England Patriots,Houston Texans
Carolina Panthers,Tampa Bay Buccaneers
Philadelphia Eagles,Arizona Cardinals
Minnesota Vikings,Chicago Bears
Cincinnati Bengals,San Diego Chargers
Atlanta Falcons,Buffalo Bills
Seattle Seahawks,New Orleans Saints
Jacksonville Jaguars,Houston Texans
Green Bay Packers,Atlanta Falcons
Cincinnati Bengals,Indianapolis Colts
Baltimore Ravens,Minnesota Vikings
Tampa Bay Buccaneers,Buffalo Bills
New Orleans Saints,Carolina Panthers
Arizona Cardinals,St. Louis Rams
Denver Broncos,Tennessee Titans
New York Jets,Oakland Raiders
Philadelphia Eagles,Detroit Lions
Kansas City Chiefs,Washington Redskins
New England Patriots,Cleveland Browns
San Francisco 49ers,Seattle Seahawks
San Diego Chargers,New York Giants
Miami Dolphins,Pittsburgh Steelers
Chicago Bears,Dallas Cowboys
San Diego Chargers,Denver Broncos
Pittsburgh Steelers,Cincinnati Bengals
St. Louis Rams,New Orleans Saints
Carolina Panthers,New York Jets
Chicago Bears,Cleveland Browns
Seattle Seahawks,New York Giants
Green Bay Packers,Dallas Cowboys
Buffalo Bills,Jacksonville Jaguars
Minnesota Vikings,Philadelphia Eagles
Arizona Cardinals,Tennessee Titans
Kansas City Chiefs,Oakland Raiders
Miami Dolphins,New England Patriots
Atlanta Falcons,Washington Redskins
San Francisco 49ers,Tampa Bay Buccaneers
Indianapolis Colts,Houston Texans
Baltimore Ravens,Detroit Lions
Indianapolis Colts,Kansas City Chiefs
Philadelphia Eagles,Chicago Bears
Cincinnati Bengals,Minnesota Vikings
Pittsburgh Steelers,Green Bay Packers
New York Jets,Cleveland Browns
Tennessee Titans,Jacksonville Jaguars
Buffalo Bills,Miami Dolphins
New England Patriots,Baltimore Ravens
St. Louis Rams,Tampa Bay Buccaneers
Dallas Cowboys,Washington Redskins
Denver Broncos,Houston Texans
San Diego Chargers,Oakland Raiders
Arizona Cardinals,Seattle Seahawks
Carolina Panthers,New Orleans Saints
New York Giants,Detroit Lions
San Francisco 49ers,Atlanta Falcons
Seattle Seahawks,St. Louis Rams
Tennessee Titans,Houston Texans
Indianapolis Colts,Jacksonville Jaguars
New York Jets,Miami Dolphins
Minnesota Vikings,Detroit Lions
New York Giants,Washington Redskins
Green Bay Packers,Chicago Bears
New Orleans Saints,Tampa Bay Buccaneers
Carolina Panthers,Atlanta Falcons
New England Patriots,Buffalo Bills
Denver Broncos,Oakland Raiders
Cincinnati Bengals,Baltimore Ravens
Philadelphia Eagles,Dallas Cowboys
San Diego Chargers,Kansas City Chiefs
Pittsburgh Steelers,Cleveland Browns
San Francisco 49ers,Arizona Cardinals
Indianapolis Colts,Kansas City Chiefs
New Orleans Saints,Philadelphia Eagles
San Francisco 49ers,Green Bay Packers
San Diego Chargers,Cincinnati Bengals
New England Patriots,Indianapolis Colts
Seattle Seahawks,New Orleans Saints
Denver Broncos,San Diego Chargers
San Francisco 49ers,Carolina Panthers
Denver Broncos,New England Patriots
Seattle Seahawks,San Francisco 49ers
Seattle Seahawks,Denver Broncos
